<gmd:MD_Metadata xmlns:gco="http://www.isotc211.org/2005/gco" xmlns:gmd="http://www.isotc211.org/2005/gmd" xmlns:gml="http://www.opengis.net/gml" xmlns:gts="http://www.isotc211.org/2005/gts" xmlns:topo="http://www.linz.govt.nz/schemas/topo/data-dictionary" xmlns:xlink="http://www.w3.org/1999/xlink" xmlns="http://www.isotc211.org/2005/gmd">
  <gmd:fileIdentifier>
    <gco:CharacterString>91a706f2-3dea-efe4-fb0c-5be602bd2b95</gco:CharacterString>
  </gmd:fileIdentifier>
  <gmd:language>
    <gco:CharacterString>eng</gco:CharacterString>
  </gmd:language>
  <gmd:characterSet>
    <gmd:MD_CharacterSetCode codeList="http://asdd.ga.gov.au/asdd/profileinfo/gmxCodelists.xml#MD_CharacterSetCode" codeListValue="utf8">utf8</gmd:MD_CharacterSetCode>
  </gmd:characterSet>
  <gmd:hierarchyLevel>
    <gmd:MD_ScopeCode codeList="http://asdd.ga.gov.au/asdd/profileinfo/GAScopeCodeList.xml#MD_ScopeCode" codeListValue="dataset">dataset</gmd:MD_ScopeCode>
  </gmd:hierarchyLevel>
  <gmd:hierarchyLevelName>
    <gco:CharacterString>dataset</gco:CharacterString>
  </gmd:hierarchyLevelName>
  <gmd:contact>
    <gmd:CI_ResponsibleParty>
      <gmd:individualName>
        <gco:CharacterString>omit</gco:CharacterString>
      </gmd:individualName>
      <gmd:organisationName>
        <gco:CharacterString>LINZ - Land Information New Zealand</gco:CharacterString>
      </gmd:organisationName>
      <gmd:positionName>
        <gco:CharacterString>Chief Topographer</gco:CharacterString>
      </gmd:positionName>
      <gmd:contactInfo>
        <gmd:CI_Contact>
          <gmd:phone>
            <gmd:CI_Telephone>
              <gmd:voice>
                <gco:CharacterString>04 4600110</gco:CharacterString>
              </gmd:voice>
            </gmd:CI_Telephone>
          </gmd:phone>
          <gmd:address>
            <gmd:CI_Address>
              <gmd:deliveryPoint>
                <gco:CharacterString>155 The Terrace</gco:CharacterString>
              </gmd:deliveryPoint>
              <gmd:city>
                <gco:CharacterString>Wellington</gco:CharacterString>
              </gmd:city>
              <gmd:postalCode>
                <gco:CharacterString>6145</gco:CharacterString>
              </gmd:postalCode>
              <gmd:country>
                <gco:CharacterString>New Zealand</gco:CharacterString>
              </gmd:country>
              <gmd:electronicMailAddress>
                <gco:CharacterString>info@linz.govt.nz</gco:CharacterString>
              </gmd:electronicMailAddress>
            </gmd:CI_Address>
          </gmd:address>
        </gmd:CI_Contact>
      </gmd:contactInfo>
      <gmd:role>
        <gmd:CI_RoleCode codeList="http://asdd.ga.gov.au/asdd/profileinfo/gmxCodelists.xml#CI_RoleCode" codeListValue="resourceProvider">resourceProvider</gmd:CI_RoleCode>
      </gmd:role>
    </gmd:CI_ResponsibleParty>
  </gmd:contact>
  <gmd:dateStamp>
    <gco:Date>2017-08-24</gco:Date>
  </gmd:dateStamp>
  <gmd:metadataStandardName>
    <gco:CharacterString>ANZLIC Metadata Profile: An Australian/New Zealand Profile of AS/NZS ISO 19115:2005, Geographic information - Metadata</gco:CharacterString>
  </gmd:metadataStandardName>
  <gmd:metadataStandardVersion>
    <gco:CharacterString>1.1</gco:CharacterString>
  </gmd:metadataStandardVersion>
  <gmd:identificationInfo>
    <gmd:MD_DataIdentification>
      <gmd:citation>
        <gmd:CI_Citation>
          <gmd:title>
            <gco:CharacterString>NZ Orchard Polygons (Topo, 1:50k)</gco:CharacterString>
          </gmd:title>
          <gmd:date>
            <gmd:CI_Date>
              <gmd:date>
                <gco:Date>2009-09</gco:Date>
              </gmd:date>
              <gmd:dateType>
                <gmd:CI_DateTypeCode codeList="http://asdd.ga.gov.au/asdd/profileinfo/gmxCodelists.xml#CI_DateTypeCode" codeListValue="creation">creation</gmd:CI_DateTypeCode>
              </gmd:dateType>
            </gmd:CI_Date>
          </gmd:date>
        </gmd:CI_Citation>
      </gmd:citation>
      <gmd:abstract>
        <gco:CharacterString>Vegetation defined as pip or stone fruit eg apples, apricots, olives etc

Data Dictionary for orchard_poly: http://apps.linz.govt.nz/topo-data-dictionary/index.aspx?page=class-orchard_poly


This layer is a component of the Topo50 map series. The Topo50 map series provides topographic mapping for the New Zealand mainland, Chatham and New Zealand's offshore islands, at 1:50,000 scale.

Further information on Topo50:
http://www.linz.govt.nz/topography/topo-maps/topo50</gco:CharacterString>
      </gmd:abstract>
      <gmd:purpose>
        <gco:CharacterString>Topo50 is the official topographic map series used by New Zealand emergency services.

When using Topo50 data, please be aware of the following:
1.  Representation of a road or track does not necessarily indicate public right of access.  For access rights, maps and other information, contact the New Zealand Walking Access Commission - www.walkingaccess.govt.nz

2.  The Department of Conservation and other agencies should be contacted for the latest information on tracks and back country huts. Closed tracks are defined as being no longer maintained or passable and should not be used.

3.  Not all aerial wires, cableways and obstructions that could be hazardous to aircraft are held in the data.

4.  Contours and spot elevations in forest and snow areas may be less accurate.

5. Not all pipelines including both underground and above ground are held in the data or shown on the printed maps. For the latest information please contact the utility and infrastructure agencies.

6. Permits may be required to visit some sensitive and special islands and areas.  Contact the Department of Conservation to see if you need to apply for a permit.</gco:CharacterString>
      </gmd:purpose>
      <gmd:status>
        <gmd:MD_ProgressCode codeList="http://asdd.ga.gov.au/asdd/profileinfo/gmxCodelists.xml#MD_ProgressCode" codeListValue="onGoing">onGoing</gmd:MD_ProgressCode>
      </gmd:status>
      <gmd:pointOfContact>
        <gmd:CI_ResponsibleParty>
          <gmd:individualName>
            <gco:CharacterString>Omit</gco:CharacterString>
          </gmd:individualName>
          <gmd:organisationName>
            <gco:CharacterString>LINZ - Land Information New Zealand</gco:CharacterString>
          </gmd:organisationName>
          <gmd:positionName>
            <gco:CharacterString>Technical Leader, National Topographic Office</gco:CharacterString>
          </gmd:positionName>
          <gmd:contactInfo>
            <gmd:CI_Contact>
              <gmd:phone>
                <gmd:CI_Telephone>
                  <gmd:voice>
                    <gco:CharacterString>0800 665 463 or +64 4 460 0110</gco:CharacterString>
                  </gmd:voice>
                  <gmd:facsimile>
                    <gco:CharacterString>+64 4 472 2244</gco:CharacterString>
                  </gmd:facsimile>
                </gmd:CI_Telephone>
              </gmd:phone>
              <gmd:address>
                <gmd:CI_Address>
                  <gmd:deliveryPoint>
                    <gco:CharacterString>155 The Terrace</gco:CharacterString>
                  </gmd:deliveryPoint>
                  <gmd:city>
                    <gco:CharacterString>Wellington</gco:CharacterString>
                  </gmd:city>
                  <gmd:administrativeArea>
                    <gco:CharacterString/>
                  </gmd:administrativeArea>
                  <gmd:postalCode>
                    <gco:CharacterString>6145</gco:CharacterString>
                  </gmd:postalCode>
                  <gmd:country>
                    <gco:CharacterString>New Zealand</gco:CharacterString>
                  </gmd:country>
                  <gmd:electronicMailAddress>
                    <gco:CharacterString>info@linz.govt.nz</gco:CharacterString>
                  </gmd:electronicMailAddress>
                </gmd:CI_Address>
              </gmd:address>
            </gmd:CI_Contact>
          </gmd:contactInfo>
          <gmd:role>
            <gmd:CI_RoleCode codeList="http://asdd.ga.gov.au/asdd/profileinfo/gmxCodelists.xml#CI_RoleCode" codeListValue="pointOfContact">pointOfContact</gmd:CI_RoleCode>
          </gmd:role>
        </gmd:CI_ResponsibleParty>
      </gmd:pointOfContact>
      <gmd:resourceMaintenance>
        <gmd:MD_MaintenanceInformation>
          <gmd:maintenanceAndUpdateFrequency>
            <gmd:MD_MaintenanceFrequencyCode codeList="http://asdd.ga.gov.au/asdd/profileinfo/gmxCodelists.xml#MD_MaintenanceFrequencyCode" codeListValue="quarterly">quarterly</gmd:MD_MaintenanceFrequencyCode>
          </gmd:maintenanceAndUpdateFrequency>
        </gmd:MD_MaintenanceInformation>
      </gmd:resourceMaintenance>
      <gmd:resourceFormat>
        <gmd:MD_Format>
          <gmd:name>
            <gco:CharacterString>*.xml</gco:CharacterString>
          </gmd:name>
          <gmd:version>
            <gco:CharacterString>Unknown</gco:CharacterString>
          </gmd:version>
        </gmd:MD_Format>
      </gmd:resourceFormat>
      <gmd:descriptiveKeywords>
        <gmd:MD_Keywords>
          <gmd:keyword>
            <gco:CharacterString>New Zealand</gco:CharacterString>
          </gmd:keyword>
          <gmd:type>
            <gmd:MD_KeywordTypeCode codeList="http://asdd.ga.gov.au/asdd/profileinfo/gmxCodelists.xml#MD_KeywordTypeCode" codeListValue="theme">theme</gmd:MD_KeywordTypeCode>
          </gmd:type>
          <gmd:thesaurusName>
            <gmd:CI_Citation>
              <gmd:title>
                <gco:CharacterString>ANZLIC Jurisdictions</gco:CharacterString>
              </gmd:title>
              <gmd:date>
                <gmd:CI_Date>
                  <gmd:date>
                    <gco:Date>2008-10-29</gco:Date>
                  </gmd:date>
                  <gmd:dateType>
                    <gmd:CI_DateTypeCode codeList="http://asdd.ga.gov.au/asdd/profileinfo/gmxCodelists.xml#CI_DateTypeCode" codeListValue="revision">revision</gmd:CI_DateTypeCode>
                  </gmd:dateType>
                </gmd:CI_Date>
              </gmd:date>
              <gmd:edition>
                <gco:CharacterString>Version 2.1</gco:CharacterString>
              </gmd:edition>
              <gmd:editionDate>
                <gco:Date>2008-10-29</gco:Date>
              </gmd:editionDate>
              <gmd:identifier>
                <gmd:MD_Identifier>
                  <gmd:code>
                    <gco:CharacterString>http://asdd.ga.gov.au/asdd/profileinfo/anzlic-jurisdic.xml#anzlic-jurisdic</gco:CharacterString>
                  </gmd:code>
                </gmd:MD_Identifier>
              </gmd:identifier>
              <gmd:citedResponsibleParty>
                <gmd:CI_ResponsibleParty>
                  <gmd:organisationName>
                    <gco:CharacterString>ANZLIC the Spatial Information Council</gco:CharacterString>
                  </gmd:organisationName>
                  <gmd:role>
                    <gmd:CI_RoleCode codeList="http://asdd.ga.gov.au/asdd/profileinfo/gmxCodelists.xml#CI_RoleCode" codeListValue="custodian">custodian</gmd:CI_RoleCode>
                  </gmd:role>
                </gmd:CI_ResponsibleParty>
              </gmd:citedResponsibleParty>
            </gmd:CI_Citation>
          </gmd:thesaurusName>
        </gmd:MD_Keywords>
      </gmd:descriptiveKeywords>
      <gmd:resourceConstraints>
        <gmd:MD_SecurityConstraints>
          <gmd:classification>
            <gmd:MD_ClassificationCode codeList="http://asdd.ga.gov.au/asdd/profileinfo/gmxCodelists.xml#MD_ClassificationCode" codeListValue="unclassified">unclassified</gmd:MD_ClassificationCode>
          </gmd:classification>
        </gmd:MD_SecurityConstraints>
      </gmd:resourceConstraints>
      <gmd:resourceConstraints>
        <gmd:MD_LegalConstraints>
          <gmd:useLimitation>
            <gco:CharacterString>Copyright 2011 Crown copyright (c)

Land Information New Zealand and the New Zealand Government.

All rights reserved</gco:CharacterString>
          </gmd:useLimitation>
          <gmd:useConstraints>
            <gmd:MD_RestrictionCode codeList="http://asdd.ga.gov.au/asdd/profileinfo/gmxCodelists.xml#MD_RestrictionCode" codeListValue="copyright">copyright</gmd:MD_RestrictionCode>
          </gmd:useConstraints>
        </gmd:MD_LegalConstraints>
      </gmd:resourceConstraints>
      <gmd:resourceConstraints>
        <gmd:MD_LegalConstraints>
          <gmd:useLimitation>
            <gco:CharacterString>Released under Creative Commons Attribution 4.0 International with:

Following Disclaimers:
1.  Representation of a road or track does not necessarily indicate public right of access.  For access rights, maps and other information, contact the New Zealand Walking Access Commission - www.walkingaccess.govt.nz
2.  The Department of Conservation and other agencies should be contacted for the latest information on tracks and back country huts. Closed tracks are defined as being no longer maintained or passable and should not be used.
3.  Not all aerial wires, cableways and obstructions that could be hazardous to aircraft are held in the data.
4.  Contours and spot elevations in forest and snow areas may be less accurate.
5. Not all pipelines including both underground and above ground are held in the data or shown on the printed maps. For the latest information please contact the utility and infrastructure agencies
6. Permits may be required to visit some sensitive and special islands and areas.  Contact the Department of Conservation to see if you need to apply for a permit.

Following Attribution:
If you publish, distribute or otherwise disseminate this work to the public without adapting it, the following attribution to Land Information New Zealand should be used:
'CC BY 4.0 Land Information New Zealand.'

If you adapt this work in any way or include it in a collection, and publish, distribute or otherwise disseminate that adaptation or collection to the public, the following attribution to Land Information New Zealand should be used:
'Contains data sourced from the LINZ Data Service and licensed for reuse under CC BY 4.0.'

If 'attribution stacking' problems exist then the requirement to display the above attribution statements is waived and in lieu the attribution statement is to be made in any terms or conditions associated with the work/ product/ application/ etc.</gco:CharacterString>
          </gmd:useLimitation>
          <gmd:useConstraints>
            <gmd:MD_RestrictionCode codeList="http://asdd.ga.gov.au/asdd/profileinfo/gmxCodelists.xml#MD_RestrictionCode" codeListValue="license">license</gmd:MD_RestrictionCode>
          </gmd:useConstraints>
        </gmd:MD_LegalConstraints>
      </gmd:resourceConstraints>
      <gmd:spatialRepresentationType>
        <gmd:MD_SpatialRepresentationTypeCode codeList="http://asdd.ga.gov.au/asdd/profileinfo/gmxCodelists.xml#MD_SpatialRepresentationTypeCode" codeListValue="vector">vector</gmd:MD_SpatialRepresentationTypeCode>
      </gmd:spatialRepresentationType>
      <gmd:spatialResolution>
        <gmd:MD_Resolution>
          <gmd:equivalentScale>
            <gmd:MD_RepresentativeFraction>
              <gmd:denominator>
                <gco:Integer>50000</gco:Integer>
              </gmd:denominator>
            </gmd:MD_RepresentativeFraction>
          </gmd:equivalentScale>
        </gmd:MD_Resolution>
      </gmd:spatialResolution>
      <gmd:language>
        <gco:CharacterString>eng</gco:CharacterString>
      </gmd:language>
      <gmd:characterSet>
        <gmd:MD_CharacterSetCode codeList="http://asdd.ga.gov.au/asdd/profileinfo/gmxCodelists.xml#MD_CharacterSetCode" codeListValue="utf8">utf8</gmd:MD_CharacterSetCode>
      </gmd:characterSet>
      <gmd:topicCategory>
        <gmd:MD_TopicCategoryCode>imageryBaseMapsEarthCover</gmd:MD_TopicCategoryCode>
      </gmd:topicCategory>
      <gmd:extent>
        <gmd:EX_Extent>
          <gmd:geographicElement>
            <gmd:EX_GeographicBoundingBox>
              <gmd:westBoundLongitude>
                <gco:Decimal>167.951883701</gco:Decimal>
              </gmd:westBoundLongitude>
              <gmd:eastBoundLongitude>
                <gco:Decimal>178.295556991</gco:Decimal>
              </gmd:eastBoundLongitude>
              <gmd:southBoundLatitude>
                <gco:Decimal>-46.3216418296</gco:Decimal>
              </gmd:southBoundLatitude>
              <gmd:northBoundLatitude>
                <gco:Decimal>-34.7355829193</gco:Decimal>
              </gmd:northBoundLatitude>
            </gmd:EX_GeographicBoundingBox>
          </gmd:geographicElement>
        </gmd:EX_Extent>
      </gmd:extent>
    </gmd:MD_DataIdentification>
  </gmd:identificationInfo>
  <gmd:distributionInfo>
    <gmd:MD_Distribution>
      <gmd:transferOptions>
        <gmd:MD_DigitalTransferOptions>
          <gmd:onLine>
            <gmd:CI_OnlineResource>
              <gmd:linkage>
                <gmd:URL>https://data.linz.govt.nz/layer/50307-nz-orchard-polygons-topo-150k/</gmd:URL>
              </gmd:linkage>
            </gmd:CI_OnlineResource>
          </gmd:onLine>
        </gmd:MD_DigitalTransferOptions>
      </gmd:transferOptions>
    </gmd:MD_Distribution>
  </gmd:distributionInfo>
  <gmd:dataQualityInfo>
    <gmd:DQ_DataQuality>
      <gmd:scope>
        <gmd:DQ_Scope>
          <gmd:level>
            <gmd:MD_ScopeCode codeList="http://asdd.ga.gov.au/asdd/profileinfo/gmxCodelists.xml#MD_ScopeCode" codeListValue="dataset">dataset</gmd:MD_ScopeCode>
          </gmd:level>
          <gmd:levelDescription>
            <gmd:MD_ScopeDescription>
              <gmd:other>
                <gco:CharacterString>dataset</gco:CharacterString>
              </gmd:other>
            </gmd:MD_ScopeDescription>
          </gmd:levelDescription>
        </gmd:DQ_Scope>
      </gmd:scope>
      <gmd:lineage>
        <gmd:LI_Lineage>
          <gmd:statement>
            <gco:CharacterString>LINZ and our predecessors have been responsible for national topographic mapping in New Zealand for more than a hundred years.

The first digital data at 1:50,000 was created in the late 80's and early 90's by scanning the 1:50,000 maps that existed at the time (known as the NZMS 260 series, which replaced the imperial NZMS 1 series at 1inch to 1 mile)

The raw data was created by photogrammetrists who from 1974 to 1997 mapped the country from overlapping pairs of aerial photographs. Cartographers then took the data and added symbols and text, and created the colour separations needed to produce the printed maps.

From 1994 to 2006 LINZ used orthophotos to update the map data.  Today the map data is updated primarily from aerial and satellite imagery, and data supplied  from Department of Conservation, Transit NZ and others.



LINZ releases regular updates of the Topo50 maps and data; for details refer
http://www.linz.govt.nz/topography/topo-maps/topo50/update-history

Some features are subject to change more than others. For example in any given map revision, it is likely that road data will undergo more change than, for example, fumeroles.  However, all data is examined during a full data revision.</gco:CharacterString>
          </gmd:statement>
        </gmd:LI_Lineage>
      </gmd:lineage>
    </gmd:DQ_DataQuality>
  </gmd:dataQualityInfo>
  <gmd:metadataConstraints>
    <gmd:MD_SecurityConstraints>
      <gmd:classification>
        <gmd:MD_ClassificationCode codeList="http://asdd.ga.gov.au/asdd/profileinfo/gmxCodelists.xml#MD_ClassificationCode" codeListValue="unclassified">unclassified</gmd:MD_ClassificationCode>
      </gmd:classification>
    </gmd:MD_SecurityConstraints>
  </gmd:metadataConstraints>
  <gmd:metadataConstraints>
    <gmd:MD_LegalConstraints>
      <gmd:useLimitation>
        <gco:CharacterString>Copyright 2011 Crown copyright (c)

Land Information New Zealand and the New Zealand Government.

All rights reserved</gco:CharacterString>
      </gmd:useLimitation>
      <gmd:useConstraints>
        <gmd:MD_RestrictionCode codeList="http://asdd.ga.gov.au/asdd/profileinfo/gmxCodelists.xml#MD_RestrictionCode" codeListValue="copyright">copyright</gmd:MD_RestrictionCode>
      </gmd:useConstraints>
    </gmd:MD_LegalConstraints>
  </gmd:metadataConstraints>
  <gmd:metadataConstraints>
    <gmd:MD_LegalConstraints>
      <gmd:useLimitation>
        <gco:CharacterString>Released under Creative Commons Attribution 4.0 International</gco:CharacterString>
      </gmd:useLimitation>
      <gmd:useConstraints>
        <gmd:MD_RestrictionCode codeList="http://asdd.ga.gov.au/asdd/profileinfo/gmxCodelists.xml#MD_RestrictionCode" codeListValue="license">license</gmd:MD_RestrictionCode>
      </gmd:useConstraints>
    </gmd:MD_LegalConstraints>
  </gmd:metadataConstraints>
</gmd:MD_Metadata>
